model,label,delta,lo,hi,baseline,relative,n_low,n_high,sources_used,contrasts
TinyCNN,HF noise,0.0542,0.0412,0.0685,0.4499,0.1204,191954.0,191954.0,4,46
DS-CNN,HF noise,0.0471,0.0347,0.0601,0.4733,0.0994,191954.0,191954.0,4,46
MobileNet1D,HF noise,0.0437,0.0314,0.0573,0.4609,0.0948,191954.0,191954.0,4,46
MBConv1D,HF noise,0.0587,0.0458,0.0722,0.4928,0.1191,191954.0,191954.0,4,46
TCN-Lite,HF noise,0.0574,0.0454,0.0699,0.4745,0.121,191954.0,191954.0,4,46
ResNet1D-Lite,HF noise,0.053,0.0403,0.066,0.5029,0.1054,191954.0,191954.0,4,46
TinyCNN,baseline wander,0.0037,-0.0095,0.016,0.5084,0.0073,210626.0,210626.0,4,51
DS-CNN,baseline wander,0.0099,-0.0026,0.0224,0.5225,0.0189,210626.0,210626.0,4,51
MobileNet1D,baseline wander,0.0079,-0.006,0.0214,0.5104,0.0155,210626.0,210626.0,4,51
MBConv1D,baseline wander,0.014,0.0008,0.028,0.5465,0.0256,210626.0,210626.0,4,51
TCN-Lite,baseline wander,0.0149,0.0031,0.0272,0.5311,0.0281,210626.0,210626.0,4,51
ResNet1D-Lite,baseline wander,0.0116,-0.0009,0.0249,0.5549,0.0209,210626.0,210626.0,4,51
TinyCNN,mains,0.0597,0.0464,0.0726,0.4513,0.1323,191954.0,191954.0,4,46
DS-CNN,mains,0.0547,0.0417,0.068,0.4728,0.1157,191954.0,191954.0,4,46
MobileNet1D,mains,0.0466,0.0338,0.0593,0.4619,0.1008,191954.0,191954.0,4,46
MBConv1D,mains,0.0597,0.0469,0.073,0.494,0.1208,191954.0,191954.0,4,46
TCN-Lite,mains,0.0593,0.0469,0.0714,0.4763,0.1245,191954.0,191954.0,4,46
ResNet1D-Lite,mains,0.0576,0.0444,0.0702,0.5027,0.1145,191954.0,191954.0,4,46
TinyCNN,flat/clipped lead,-0.1327,-0.1849,-0.0808,0.6652,-0.1995,139800.0,4980.0,1,5
DS-CNN,flat/clipped lead,-0.1223,-0.1766,-0.0684,0.7029,-0.174,139800.0,4980.0,1,5
MobileNet1D,flat/clipped lead,-0.1636,-0.2105,-0.1201,0.7144,-0.229,139800.0,4980.0,1,5
MBConv1D,flat/clipped lead,-0.1552,-0.205,-0.1059,0.7197,-0.2156,139800.0,4980.0,1,5
TCN-Lite,flat/clipped lead,-0.1528,-0.2058,-0.1019,0.7222,-0.2115,139800.0,4980.0,1,5
ResNet1D-Lite,flat/clipped lead,-0.1716,-0.2201,-0.1223,0.7385,-0.2323,139800.0,4980.0,1,5
TinyCNN,QRS failure,-0.11,-0.148,-0.0738,0.6893,-0.1595,406906.0,5576.0,2,16
DS-CNN,QRS failure,-0.1014,-0.1379,-0.0637,0.7056,-0.1437,406906.0,5576.0,2,16
MobileNet1D,QRS failure,-0.0904,-0.1298,-0.0562,0.6865,-0.1316,406906.0,5576.0,2,16
MBConv1D,QRS failure,-0.1075,-0.144,-0.0699,0.7415,-0.145,406906.0,5576.0,2,16
TCN-Lite,QRS failure,-0.0971,-0.1324,-0.0614,0.7169,-0.1354,406906.0,5576.0,2,16
ResNet1D-Lite,QRS failure,-0.0844,-0.1229,-0.0476,0.744,-0.1134,406906.0,5576.0,2,16
TinyCNN,RR implausibility,-0.1179,-0.1472,-0.0868,0.6428,-0.1834,509821.0,10016.0,2,20
DS-CNN,RR implausibility,-0.1295,-0.1591,-0.0994,0.6588,-0.1966,509821.0,10016.0,2,20
MobileNet1D,RR implausibility,-0.1235,-0.1508,-0.0962,0.6399,-0.193,509821.0,10016.0,2,20
MBConv1D,RR implausibility,-0.1467,-0.1785,-0.1155,0.7032,-0.2087,509821.0,10016.0,2,20
TCN-Lite,RR implausibility,-0.1279,-0.1556,-0.1014,0.6685,-0.1913,509821.0,10016.0,2,20
ResNet1D-Lite,RR implausibility,-0.1154,-0.1457,-0.0853,0.6948,-0.1661,509821.0,10016.0,2,20
