budget,model,id,year,defining block,width,params,int8 weights KB,peak act KB (graph),"MACC (M, ST tool)"
compact,FCN-1D,M1,2017,plain convolution,1.06,29813,29.1,7.8,2.8
compact,ResNet-1D,M2,2016,residual block,0.65,32309,31.6,3.9,3.42
compact,TCN,M3,2018,dilated convolution,0.94,27313,26.7,6.8,4.26
compact,MobileNetV2,M4,2018,inverted residual,0.74,31285,30.6,15.6,2.67
compact,ShuffleNetV2,M5,2018,channel split + shuffle,1.62,32125,31.4,9.8,3.64
compact,GhostNet,M6,2020,ghost module,1.25,29441,28.8,6.8,2.49
compact,MobileNetV3,M7,2019,inverted residual + SE + h-swish,0.18,31933,31.2,1.6,0.68
compact,FasterNet,M8,2023,partial convolution,0.9,32619,31.9,9.8,3.2
compact,RepViT,M9,2024,reparameterised depthwise + FFN,0.85,32657,31.9,9.8,2.95
compact,MobileNetV4-Conv,M10,2024,universal inverted bottleneck,0.78,32457,31.7,19.5,2.98
standard,FCN-1D,M1,2017,plain convolution,2.18,122081,119.2,16.6,10.42
standard,ResNet-1D,M2,2016,residual block,1.28,130149,127.1,7.8,13.43
standard,TCN,M3,2018,dilated convolution,1.93,116113,113.4,14.6,17.51
standard,MobileNetV2,M4,2018,inverted residual,1.58,130673,127.6,39.1,11.56
standard,ShuffleNetV2,M5,2018,channel split + shuffle,3.52,129177,126.1,20.5,13.88
standard,GhostNet,M6,2020,ghost module,2.74,129969,126.9,15.6,9.81
standard,MobileNetV3,M7,2019,inverted residual + SE + h-swish,0.37,128821,125.8,3.4,1.92
standard,FasterNet,M8,2023,partial convolution,1.84,130959,127.9,21.5,12.54
standard,RepViT,M9,2024,reparameterised depthwise + FFN,1.74,124529,121.6,19.5,10.87
standard,MobileNetV4-Conv,M10,2024,universal inverted bottleneck,1.62,129877,126.8,39.1,11.56
