budget,model,PTB-XL,Georgia,Chapman,Ningbo,equal-source mean AUPRC,95% CI,mean AUROC,rank in budget
compact,FCN-1D,0.4115,0.4842,0.5192,0.5612,0.494,"(0.4910, 0.4992)",0.8748,8
compact,ResNet-1D,0.4315,0.524,0.5575,0.5713,0.5211,"(0.5176, 0.5254)",0.8866,1
compact,TCN,0.4134,0.5215,0.5678,0.577,0.5199,"(0.5165, 0.5252)",0.8896,3
compact,MobileNetV2,0.4307,0.5197,0.5587,0.5707,0.52,"(0.5167, 0.5247)",0.8799,2
compact,ShuffleNetV2,0.4173,0.5131,0.5526,0.5769,0.515,"(0.5112, 0.5206)",0.8823,5
compact,GhostNet,0.4315,0.5035,0.5301,0.5745,0.5099,"(0.5067, 0.5150)",0.8798,7
compact,MobileNetV3,0.3394,0.4455,0.4672,0.4721,0.4311,"(0.4281, 0.4352)",0.846,10
compact,FasterNet,0.3925,0.4773,0.4966,0.5642,0.4827,"(0.4799, 0.4879)",0.8704,9
compact,RepViT,0.4234,0.5081,0.5549,0.5839,0.5176,"(0.5140, 0.5225)",0.8865,4
compact,MobileNetV4-Conv,0.4229,0.5123,0.5457,0.5673,0.512,"(0.5090, 0.5168)",0.881,6
standard,FCN-1D,0.4397,0.5235,0.5542,0.5806,0.5245,"(0.5211, 0.5292)",0.8843,7
standard,ResNet-1D,0.4289,0.534,0.5838,0.5932,0.535,"(0.5316, 0.5393)",0.8935,2
standard,TCN,0.4308,0.5328,0.5811,0.6069,0.5379,"(0.5346, 0.5431)",0.8959,1
standard,MobileNetV2,0.4328,0.5283,0.5744,0.583,0.5296,"(0.5263, 0.5338)",0.8826,6
standard,ShuffleNetV2,0.4383,0.5288,0.5801,0.5921,0.5348,"(0.5311, 0.5399)",0.8894,3
standard,GhostNet,0.4335,0.5294,0.5725,0.5972,0.5332,"(0.5300, 0.5386)",0.8884,5
standard,MobileNetV3,0.3611,0.44,0.4667,0.5005,0.4421,"(0.4387, 0.4469)",0.8558,10
standard,FasterNet,0.4114,0.5113,0.5482,0.5814,0.5131,"(0.5098, 0.5180)",0.8845,9
standard,RepViT,0.4348,0.5282,0.5814,0.5907,0.5338,"(0.5305, 0.5381)",0.891,4
standard,MobileNetV4-Conv,0.4299,0.5227,0.5609,0.5765,0.5225,"(0.5193, 0.5275)",0.8787,8
